{"skeleton":{"hash":"jfLbiqnk9/AmDAUGKtq6o4tzUks","spine":"3.7.94","width":1280,"height":720},"bones":[{"name":"root"},{"name":"man1","parent":"root"},{"name":"man2","parent":"root"}],"slots":[{"name":"b","bone":"root","attachment":"b"}],"skins":{"default":{"b":{"b":{"y":350,"width":1280,"height":720}}}},"events":{"man1_L":{},"man1_R":{},"man1_idle":{},"man1_walk":{},"man2_L":{},"man2_R":{},"man2_idle":{},"man2_walk":{}},"animations":{"stage1":{"bones":{"man1":{"translate":[{"time":0,"x":-800,"y":0},{"time":0.3333,"x":-150,"y":0,"curve":"stepped"},{"time":1.3333,"x":-150,"y":0},{"time":2,"x":-800,"y":0}]},"man2":{"translate":[{"time":0,"x":800,"y":0},{"time":0.6667,"x":200,"y":0,"curve":"stepped"},{"time":1.6667,"x":200,"y":0},{"time":2,"x":800,"y":0}]}},"events":[{"time":0,"name":"man1_R"},{"time":0,"name":"man1_walk"},{"time":0,"name":"man2_L"},{"time":0,"name":"man2_walk"},{"time":0.3333,"name":"man1_idle","string":"hi"},{"time":0.6667,"name":"man2_idle"},{"time":1.3333,"name":"man1_L"},{"time":1.3333,"name":"man1_walk"},{"time":1.6667,"name":"man2_R"},{"time":1.6667,"name":"man2_walk"},{"time":2,"name":"man1_R"},{"time":2,"name":"man1_idle"},{"time":2.6667,"name":"man1_walk"},{"time":2.6667,"name":"man2_L"},{"time":2.6667,"name":"man2_idle"}]}}}